"","chr","start","end","length","nCG","meanMethy1","meanMethy2","diff.Methy","areaStat","name","annotation","description","region","distance","subregion","insideDistance","exonnumber","nexons","UTR","strand","geneL","codingL","Geneid","subjectHits"
"39","chr4",128787420,128787500,81,15,0.287686576032516,0.752089858111265,-0.464403282078749,-34.7044335572642,"Zfp362","NM_001081098 NP_001074567 XM_030253454 XM_036164050 XP_030109314 XP_036019943","downstream","downstream",2672,NA,NA,NA,2,NA,"-",771,NA,"230761",45395
"16","chr11",97112910,97112986,77,9,0.51623430854694,0.897777683272688,-0.381543374725748,-22.2197636435322,"Tbx21","NM_019507 NP_062380","inside intron","inside",2421,"inside intron",1739,1,6,"inside transcription region","-",17260,16365,"57765",70992
"15","chr11",97109937,97109996,60,4,0.318684082484131,0.722052096411031,-0.4033680139269,-10.4704753642776,"Tbx21","NM_019507 NP_062380","inside intron","inside",5394,"inside intron",4712,1,6,"inside transcription region","-",17260,16365,"57765",70992
